,Name,Crime Count,Population,Median Age,Median House Value,Median Rent,Median Household Income,Public Transit,Walk,Other transit
14,Atlanta University Center,177,7091,20.5,156008.0,829.0,27742.0,0.12,0.297,0.016
97,Thomasville Heights,136,2988,21.1,82332.0,736.0,10480.0,0.242,0.005,0.0
67,Home Park,587,5420,24.1,211485.0,1248.0,44207.0,0.048,0.225,0.040999999999999995
15,Atlantic Station,587,4120,27.1,257667.0,1190.0,46956.0,0.027999999999999997,0.055999999999999994,0.033
31,Browns Mill Park,136,4661,29.7,83727.0,820.0,22507.0,0.25,0.001,0.02
